username,repo_name,stars,repo_url
twbs,bootstrap,153k,https://github.com/twbs/bootstrap
ColorlibHQ,AdminLTE,39.4k,https://github.com/ColorlibHQ/AdminLTE
tabler,tabler,24.1k,https://github.com/tabler/tabler
mdbootstrap,mdb-ui-kit,21.5k,https://github.com/mdbootstrap/mdb-ui-kit
ColorlibHQ,gentelella,20.3k,https://github.com/ColorlibHQ/gentelella
react-bootstrap,react-bootstrap,19.9k,https://github.com/react-bootstrap/react-bootstrap
verekia,js-stack-from-scratch,18.6k,https://github.com/verekia/js-stack-from-scratch
bootstrap-vue,bootstrap-vue,13.4k,https://github.com/bootstrap-vue/bootstrap-vue
thomaspark,bootswatch,13.1k,https://github.com/thomaspark/bootswatch
uxsolutions,bootstrap-datepicker,12.4k,https://github.com/uxsolutions/bootstrap-datepicker
wenzhixin,bootstrap-table,10.9k,https://github.com/wenzhixin/bootstrap-table
coreui,coreui-free-bootstrap-admin-template,10.9k,https://github.com/coreui/coreui-free-bootstrap-admin-template
reactstrap,reactstrap,10.1k,https://github.com/reactstrap/reactstrap
mdbootstrap,material-design-for-bootstrap,9.5k,https://github.com/mdbootstrap/material-design-for-bootstrap
snapappointments,bootstrap-select,9.4k,https://github.com/snapappointments/bootstrap-select
Templarian,MaterialDesign,9.4k,https://github.com/Templarian/MaterialDesign
StartBootstrap,startbootstrap-sb-admin-2,8.9k,https://github.com/StartBootstrap/startbootstrap-sb-admin-2
ng-bootstrap,ng-bootstrap,7.8k,https://github.com/ng-bootstrap/ng-bootstrap
BlackrockDigital,startbootstrap,7.1k,https://github.com/BlackrockDigital/startbootstrap
olton,Metro-UI-CSS,6.8k,https://github.com/olton/Metro-UI-CSS
creativetimofficial,material-kit,5.6k,https://github.com/creativetimofficial/material-kit
febsteam,FEBS-Shiro,5.6k,https://github.com/febsteam/FEBS-Shiro
valor-software,ngx-bootstrap,5.3k,https://github.com/valor-software/ngx-bootstrap
Bttstrp,bootstrap-switch,5.1k,https://github.com/Bttstrp/bootstrap-switch
jschr,bootstrap-modal,5k,https://github.com/jschr/bootstrap-modal
kartik-v,bootstrap-fileinput,5k,https://github.com/kartik-v/bootstrap-fileinput
seyhunak,twitter-bootstrap-rails,4.5k,https://github.com/seyhunak/twitter-bootstrap-rails
cloudfavorites,favorites-web,4.4k,https://github.com/cloudfavorites/favorites-web
twbs,icons,4.4k,https://github.com/twbs/icons
cydrobolt,polr,4k,https://github.com/cydrobolt/polr
